capture_us,input
1787986326575688,"Move { vx: -15.0, vy: 0.0 }"
1787986327075649,"Move { vx: -15.0, vy: 0.0 }"
1787986327107061,"Move { vx: -15.0, vy: 0.0 }"
1787986327137461,"Move { vx: -15.0, vy: 0.0 }"
1787986329372524,"Move { vx: 15.0, vy: 0.0 }"
1787986330758576,"Move { vx: 15.0, vy: 0.0 }"
1787986331259613,"Move { vx: 15.0, vy: 0.0 }"
1787986331289926,"Move { vx: 15.0, vy: 0.0 }"
1787986331320265,"Move { vx: 15.0, vy: 0.0 }"
1787986331349907,"Move { vx: 15.0, vy: 0.0 }"
1787986331380099,"Move { vx: 15.0, vy: 0.0 }"
1787986331410763,"Move { vx: 15.0, vy: 0.0 }"
1787986331440514,"Move { vx: 15.0, vy: 0.0 }"
1787986331470754,"Move { vx: 15.0, vy: 0.0 }"
1787986331502964,"Move { vx: 15.0, vy: 0.0 }"
1787986331531712,"Move { vx: 15.0, vy: 0.0 }"
1787986331560899,"Move { vx: 15.0, vy: 0.0 }"
1787986331592827,"Move { vx: 15.0, vy: 0.0 }"
1787986331620737,"Move { vx: 15.0, vy: 0.0 }"
1787986331651211,"Move { vx: 15.0, vy: 0.0 }"
1787986331681242,"Move { vx: 15.0, vy: 0.0 }"
1787986331710713,"Move { vx: 15.0, vy: 0.0 }"
1787986331742058,"Move { vx: 15.0, vy: 0.0 }"
1787986331773070,"Move { vx: 15.0, vy: 0.0 }"
1787986331803533,"Move { vx: 15.0, vy: 0.0 }"
1787986331832679,"Move { vx: 15.0, vy: 0.0 }"
1787986331862682,"Move { vx: 15.0, vy: 0.0 }"
1787986331892924,"Move { vx: 15.0, vy: 0.0 }"
1787986331923899,"Move { vx: 15.0, vy: 0.0 }"
1787986331954834,"Move { vx: 15.0, vy: 0.0 }"
1787986331985894,"Move { vx: 15.0, vy: 0.0 }"
1787986332016380,"Move { vx: 15.0, vy: 0.0 }"
1787986332047151,"Move { vx: 15.0, vy: 0.0 }"
1787986332077224,"Move { vx: 15.0, vy: 0.0 }"
1787986332108301,"Move { vx: 15.0, vy: 0.0 }"
1787986332138162,"Move { vx: 15.0, vy: 0.0 }"
1787986332168071,"Move { vx: 15.0, vy: 0.0 }"
1787986332198334,"Move { vx: 15.0, vy: 0.0 }"
1787986332228520,"Move { vx: 15.0, vy: 0.0 }"
1787986332258423,"Move { vx: 15.0, vy: 0.0 }"
1787986332289171,"Move { vx: 15.0, vy: 0.0 }"
1787986332320024,"Move { vx: 15.0, vy: 0.0 }"
1787986332350389,"Move { vx: 15.0, vy: 0.0 }"
1787986332381465,"Move { vx: 15.0, vy: 0.0 }"
1787986332412239,"Move { vx: 15.0, vy: 0.0 }"
1787986332442724,"Move { vx: 15.0, vy: 0.0 }"
1787986332473566,"Move { vx: 15.0, vy: 0.0 }"
1787986332503156,"Move { vx: 15.0, vy: 0.0 }"
1787986332533239,"Move { vx: 15.0, vy: 0.0 }"
1787986332563491,"Move { vx: 15.0, vy: 0.0 }"
1787986332593221,"Move { vx: 15.0, vy: 0.0 }"
1787986332623316,"Move { vx: 15.0, vy: 0.0 }"
1787986332653849,"Move { vx: 15.0, vy: 0.0 }"
1787986332684340,"Move { vx: 15.0, vy: 0.0 }"
1787986332714495,"Move { vx: 15.0, vy: 0.0 }"
1787986333994690,"Move { vx: 15.0, vy: 0.0 }"
1787986335328619,Turn { turn: 60.0 }
1787986336091321,Turn { turn: 60.0 }
1787986336591263,Turn { turn: 60.0 }
1787986336621882,Turn { turn: 60.0 }
1787986336652450,Turn { turn: 60.0 }
1787986336681839,Turn { turn: 60.0 }
1787986336711931,Turn { turn: 60.0 }
1787986336742532,Turn { turn: 60.0 }
1787986336773858,Turn { turn: 60.0 }
1787986336803681,Turn { turn: 60.0 }
1787986336833108,Turn { turn: 60.0 }
1787986336864097,Turn { turn: 60.0 }
1787986336894527,Turn { turn: 60.0 }
1787986336924678,Turn { turn: 60.0 }
1787986336954673,Turn { turn: 60.0 }
1787986336984259,Turn { turn: 60.0 }
1787986338143277,"Move { vx: 15.0, vy: 0.0 }"
1787986339767588,"AttitudeNudge { axis: 'p', delta: -2.0 }"
1787986340058372,"AttitudeNudge { axis: 'p', delta: -2.0 }"
1787986340759922,"AttitudeNudge { axis: 'p', delta: 2.0 }"
1787986340981722,"AttitudeNudge { axis: 'p', delta: 2.0 }"
1787986341204370,"AttitudeNudge { axis: 'p', delta: 2.0 }"
1787986341526912,"AttitudeNudge { axis: 'p', delta: 2.0 }"
1787986341777237,"AttitudeNudge { axis: 'p', delta: 2.0 }"
1787986342272975,"AttitudeNudge { axis: 'p', delta: 2.0 }"
1787986347892686,"AttitudeNudge { axis: 'p', delta: 2.0 }"
1787986348658005,"AttitudeNudge { axis: 'p', delta: 2.0 }"
1787986352715718,"ArmNudge { dx: 0, dz: -10 }"
1787986354441909,"ArmNudge { dx: 10, dz: 0 }"
1787986355725609,"ArmNudge { dx: 0, dz: -10 }"
1787986356269536,"ArmNudge { dx: 0, dz: -10 }"
1787986356612773,"ArmNudge { dx: 0, dz: -10 }"
1787986356933685,"ArmNudge { dx: 10, dz: 0 }"
1787986357280745,"ArmNudge { dx: 10, dz: 0 }"
1787986357648660,"ArmNudge { dx: 10, dz: 0 }"
1787986358097381,"ArmNudge { dx: 0, dz: -10 }"
1787986358323136,"ArmNudge { dx: 0, dz: -10 }"
1787986360532365,"AttitudeNudge { axis: 'y', delta: -2.0 }"
1787986361268997,"AttitudeNudge { axis: 'y', delta: 2.0 }"
1787986361494572,"AttitudeNudge { axis: 'y', delta: 2.0 }"
1787986361688981,"AttitudeNudge { axis: 'y', delta: 2.0 }"
1787986362146480,"AttitudeNudge { axis: 'y', delta: 2.0 }"
1787986364253677,"AttitudeNudge { axis: 'y', delta: -2.0 }"
1787986364787459,"AttitudeNudge { axis: 'y', delta: -2.0 }"
1787986365914310,"AttitudeNudge { axis: 'p', delta: -2.0 }"
1787986368021177,"Move { vx: 15.0, vy: 0.0 }"
1787986368882976,"Move { vx: 15.0, vy: 0.0 }"
1787986369381993,"Move { vx: 15.0, vy: 0.0 }"
1787986369413539,"Move { vx: 15.0, vy: 0.0 }"
1787986369443301,"Move { vx: 15.0, vy: 0.0 }"
1787986369473092,"Move { vx: 15.0, vy: 0.0 }"
1787986369504642,"Move { vx: 15.0, vy: 0.0 }"
1787986371024577,"ArmNudge { dx: 0, dz: 10 }"
1787986371618549,"Move { vx: 15.0, vy: 0.0 }"
1787986372118137,"Move { vx: 15.0, vy: 0.0 }"
1787986376307754,"AttitudeNudge { axis: 'p', delta: 2.0 }"
1787986377164538,"AttitudeNudge { axis: 'p', delta: 2.0 }"
1787986378286739,"ArmNudge { dx: 0, dz: -10 }"
1787986378516264,"ArmNudge { dx: 0, dz: -10 }"
1787986380517058,"AttitudeNudge { axis: 'y', delta: 2.0 }"
1787986381244989,"AttitudeNudge { axis: 'y', delta: -2.0 }"
1787986381551702,"AttitudeNudge { axis: 'y', delta: -2.0 }"
1787986383643637,"Move { vx: 15.0, vy: 0.0 }"
1787986386556747,"AttitudeNudge { axis: 'p', delta: 2.0 }"
1787986387002936,"AttitudeNudge { axis: 'p', delta: 2.0 }"
1787986387891776,"ArmNudge { dx: 0, dz: -10 }"
1787986390558041,ClawNudge { delta: 20 }
1787986390978126,ClawNudge { delta: 20 }
1787986391274416,ClawNudge { delta: 20 }
1787986391550025,ClawNudge { delta: 20 }
1787986391970003,ClawNudge { delta: 20 }
1787986392324671,ClawNudge { delta: 20 }
1787986394675721,"AttitudeNudge { axis: 'p', delta: 2.0 }"
1787986397358837,"AttitudeNudge { axis: 'p', delta: 2.0 }"
1787986397756864,"AttitudeNudge { axis: 'p', delta: -2.0 }"
1787986398193728,"AttitudeNudge { axis: 'p', delta: -2.0 }"
1787986398552403,"AttitudeNudge { axis: 'p', delta: -2.0 }"
1787986400172885,"ArmNudge { dx: 0, dz: 10 }"
1787986400518093,"ArmNudge { dx: 0, dz: 10 }"
1787986400825332,"ArmNudge { dx: 0, dz: 10 }"
1787986401179583,"ArmNudge { dx: 0, dz: 10 }"
1787986401482432,"ArmNudge { dx: 0, dz: 10 }"
1787986401840024,"ArmNudge { dx: 0, dz: 10 }"
1787986402168807,"ArmNudge { dx: 0, dz: 10 }"
1787986402574106,"ArmNudge { dx: 0, dz: 10 }"
1787986405227789,"Move { vx: 15.0, vy: 0.0 }"
1787986405727848,"Move { vx: 15.0, vy: 0.0 }"
1787986405758120,"Move { vx: 15.0, vy: 0.0 }"
1787986405788367,"Move { vx: 15.0, vy: 0.0 }"
1787986405818367,"Move { vx: 15.0, vy: 0.0 }"
1787986405848732,"Move { vx: 15.0, vy: 0.0 }"
1787986405878551,"Move { vx: 15.0, vy: 0.0 }"
1787986405909531,"Move { vx: 15.0, vy: 0.0 }"
1787986405938897,"Move { vx: 15.0, vy: 0.0 }"
1787986405969691,"Move { vx: 15.0, vy: 0.0 }"
1787986405999009,"Move { vx: 15.0, vy: 0.0 }"
1787986406029549,"Move { vx: 15.0, vy: 0.0 }"
1787986406059645,"Move { vx: 15.0, vy: 0.0 }"
1787986406089597,"Move { vx: 15.0, vy: 0.0 }"
1787986406119240,"Move { vx: 15.0, vy: 0.0 }"
1787986406149907,"Move { vx: 15.0, vy: 0.0 }"
1787986406181071,"Move { vx: 15.0, vy: 0.0 }"
1787986406210769,"Move { vx: 15.0, vy: 0.0 }"
1787986406241115,"Move { vx: 15.0, vy: 0.0 }"
1787986406271845,"Move { vx: 15.0, vy: 0.0 }"
1787986406301025,"Move { vx: 15.0, vy: 0.0 }"
1787986406332529,"Move { vx: 15.0, vy: 0.0 }"
1787986406363386,"Move { vx: 15.0, vy: 0.0 }"
1787986406393887,"Move { vx: 15.0, vy: 0.0 }"
1787986406424004,"Move { vx: 15.0, vy: 0.0 }"
1787986406455591,"Move { vx: 15.0, vy: 0.0 }"
1787986406486071,"Move { vx: 15.0, vy: 0.0 }"
1787986406516966,"Move { vx: 15.0, vy: 0.0 }"
1787986406547828,"Move { vx: 15.0, vy: 0.0 }"
1787986406578195,"Move { vx: 15.0, vy: 0.0 }"
1787986406607203,"Move { vx: 15.0, vy: 0.0 }"
1787986406637450,"Move { vx: 15.0, vy: 0.0 }"
1787986406667329,"Move { vx: 15.0, vy: 0.0 }"
1787986406697481,"Move { vx: 15.0, vy: 0.0 }"
1787986406727855,"Move { vx: 15.0, vy: 0.0 }"
1787986406757876,"Move { vx: 15.0, vy: 0.0 }"
1787986406788053,"Move { vx: 15.0, vy: 0.0 }"
1787986407909615,"Move { vx: 15.0, vy: 0.0 }"
1787986409244730,"Move { vx: 15.0, vy: 0.0 }"
1787986410020482,"AttitudeNudge { axis: 'p', delta: -2.0 }"
1787986410454375,"AttitudeNudge { axis: 'p', delta: -2.0 }"
1787986410909651,"AttitudeNudge { axis: 'p', delta: -2.0 }"
1787986411214838,"Move { vx: 15.0, vy: 0.0 }"
1787986411529290,"Move { vx: 15.0, vy: 0.0 }"
1787986411876926,"Move { vx: 15.0, vy: 0.0 }"
1787986414031343,"AttitudeNudge { axis: 'p', delta: 2.0 }"
1787986414425752,"AttitudeNudge { axis: 'p', delta: 2.0 }"
1787986415254811,"AttitudeNudge { axis: 'p', delta: 2.0 }"
1787986415658365,"AttitudeNudge { axis: 'p', delta: 2.0 }"
1787986416018526,"AttitudeNudge { axis: 'p', delta: 2.0 }"
1787986417103925,"AttitudeNudge { axis: 'p', delta: 2.0 }"
1787986418991146,"ArmNudge { dx: 0, dz: -10 }"
1787986419341746,"ArmNudge { dx: 0, dz: -10 }"
1787986419640827,"ArmNudge { dx: 0, dz: -10 }"
1787986420112897,"ArmNudge { dx: 0, dz: -10 }"
1787986421768541,"AttitudeNudge { axis: 'p', delta: 2.0 }"
1787986422413812,"AttitudeNudge { axis: 'p', delta: 2.0 }"
1787986423405845,"Move { vx: -15.0, vy: 0.0 }"
1787986425570028,ClawNudge { delta: 20 }
1787986426490470,ClawNudge { delta: -20 }
1787986426859678,ClawNudge { delta: -20 }
1787986427192338,ClawNudge { delta: -20 }
1787986427439940,ClawNudge { delta: -20 }
1787986427649999,ClawNudge { delta: -20 }
1787986427856647,ClawNudge { delta: -20 }
1787986430457700,"AttitudeNudge { axis: 'p', delta: 2.0 }"
1787986431659322,"Move { vx: -15.0, vy: 0.0 }"
1787986433528929,"AttitudeNudge { axis: 'y', delta: -2.0 }"
1787986433753763,"AttitudeNudge { axis: 'y', delta: -2.0 }"
1787986434830120,"AttitudeNudge { axis: 'y', delta: 2.0 }"
1787986435056838,"AttitudeNudge { axis: 'y', delta: 2.0 }"
1787986435274581,"AttitudeNudge { axis: 'y', delta: 2.0 }"
1787986435779779,"AttitudeNudge { axis: 'y', delta: 2.0 }"
1787986436084327,"AttitudeNudge { axis: 'y', delta: 2.0 }"
1787986439959784,Action(2)
1787986445122764,ToggleRecording
